{"mushrooms_set": {"0": {"confusion_matrix": [[[3798, 0], [16, 3498]], [[3797, 0], [6, 3509]], [[3765, 0], [28, 3519]], [[3777, 4], [48, 3483]], [[3813, 0], [81, 3418]], [[3785, 0], [8, 3519]], [[3718, 60], [52, 3482]], [[3799, 12], [16, 3485]], [[3785, 0], [66, 3461]], [[3765, 16], [69, 3462]], [[3785, 0], [20, 3507]], [[3774, 0], [0, 3538]], [[3784, 16], [75, 3437]], [[3766, 0], [83, 3463]], [[3770, 14], [57, 3471]], [[3794, 0], [16, 3502]], [[3787, 0], [83, 3442]], [[3791, 0], [14, 3507]], [[3766, 4], [109, 3433]], [[3751, 8], [34, 3519]], [[3790, 24], [26, 3472]], [[3774, 16], [84, 3438]], [[3799, 0], [95, 3418]], [[3742, 40], [145, 3385]], [[3797, 12], [58, 3445]]], "accuracy": [0.9978118161925602, 0.9991794310722101, 0.9961706783369803, 0.9928884026258206, 0.9889223194748359, 0.9989059080962801, 0.9846827133479212, 0.9961706783369803, 0.9909737417943107, 0.9883752735229759, 0.9972647702407003, 1.0, 0.987554704595186, 0.9886487964989059, 0.9902899343544858, 0.9978118161925602, 0.9886487964989059, 0.9980853391684902, 0.9845459518599562, 0.9942560175054704, 0.9931619256017505, 0.9863238512035011, 0.9870076586433261, 0.974699124726477, 0.9904266958424508], "precision": [0.997820995778538, 0.9991807256852963, 0.9961989464642053, 0.9929570136319235, 0.9891527488848355, 0.9989082156985026, 0.9846861558848016, 0.996171095436784, 0.9911284374685707, 0.9884723763442881, 0.9972791472696583, 1.0, 0.9876741363046876, 0.9888935743348609, 0.9903538989500225, 0.9978210054158985, 0.9888922460830379, 0.9980923839126796, 0.9849331713340302, 0.9942798933080798, 0.9931619114957967, 0.9864832553023491, 0.9873246263959927, 0.9750670986218866, 0.9904995093240532], "f1_score": [0.9978116194110223, 0.9991794045102138, 0.9961701844421659, 0.9928866791806046, 0.9889156709114129, 0.9989058644920937, 0.9846832548050977, 0.9961705882129201, 0.9909701245496646, 0.9883717758816355, 0.9972644853852951, 1.0, 0.9875499282741946, 0.9886434479414823, 0.9902875954297381, 0.9978116246755233, 0.9886427034503443, 0.9980851965678353, 0.9845358242934162, 0.994255368812035, 0.9931618441049102, 0.9863179944404206, 0.986998839135047, 0.9746813436852562, 0.9904237898290227]}, "statistics": {"confusion_matrix": {"avg": [[3778.88, 9.04], [51.56, 3472.52]], "std": [[20.38689775321395, 14.256170593816558], [36.50104656033851, 37.94535017627324]], "max": [[3813, 60], [145, 3538]], "min": [[3718, 0], [0, 3385]]}, "accuracy": {"avg": 0.9917122538293216, "std": 0.005907083145161093, "max": 1.0, "min": 0.974699124726477}, "precision": {"avg": 0.9918173027732311, "std": 0.005811854786509462, "max": 1.0, "min": 0.9750670986218866}, "f1_score": {"avg": 0.9917090060968542, "std": 0.005910655048619054, "max": 1.0, "min": 0.9746813436852562}}}, "titanic_set": {"0": {"confusion_matrix": [[[280, 102], [101, 158]], [[308, 68], [133, 132]], [[180, 203], [56, 202]], [[312, 74], [86, 169]], [[305, 79], [86, 171]], [[321, 53], [220, 47]], [[348, 33], [120, 140]], [[310, 72], [92, 167]], [[347, 34], [104, 156]], [[253, 131], [61, 196]], [[313, 68], [99, 161]], [[300, 86], [77, 178]], [[294, 81], [160, 106]], [[307, 76], [78, 180]], [[332, 48], [91, 170]], [[279, 100], [104, 158]], [[283, 101], [67, 190]], [[192, 187], [86, 176]], [[226, 160], [83, 172]], [[281, 105], [79, 176]], [[310, 69], [90, 172]], [[294, 88], [145, 114]], [[247, 137], [69, 188]], [[314, 66], [150, 111]], [[293, 82], [89, 177]]], "accuracy": [0.6833073322932918, 0.6864274570982839, 0.5959438377535101, 0.750390015600624, 0.7425897035881436, 0.5741029641185648, 0.7613104524180967, 0.7441497659906396, 0.7847113884555382, 0.7004680187207488, 0.7394695787831513, 0.7457098283931357, 0.62402496099844, 0.7597503900156006, 0.7831513260530422, 0.6817472698907956, 0.7379095163806553, 0.5741029641185648, 0.6209048361934477, 0.7129485179407177, 0.7519500780031201, 0.6365054602184087, 0.6786271450858035, 0.6630265210608425, 0.733229329173167], "precision": [0.6835057969247903, 0.6825322536710992, 0.6564744548350672, 0.7487342337542376, 0.7415407830635476, 0.5419676683555327, 0.7702220227537425, 0.7418908109599848, 0.790351936168706, 0.723001696319825, 0.7367297799556023, 0.7474159467946115, 0.6140751300385828, 0.7594562321453897, 0.7828123262219837, 0.6810230488034263, 0.7461655473582713, 0.6065299511915074, 0.6465297750990634, 0.7192039733783894, 0.7499415785760062, 0.6271375914239529, 0.7001817692960882, 0.6565259571224462, 0.7323161838317312], "f1_score": [0.6834048999654212, 0.6769849125389977, 0.5927598046618814, 0.7492929468838453, 0.7419752075442819, 0.5160686984945785, 0.7495609249124533, 0.7422756069328095, 0.7770233309332373, 0.7033999097531118, 0.7363037918881735, 0.7464149110286717, 0.6091556371255562, 0.7595958033360245, 0.7792240703217564, 0.6813585299317484, 0.7399698450198595, 0.5757790666695161, 0.6247685933567034, 0.7149083498452578, 0.7501155175253016, 0.6266517186087661, 0.6817919656403342, 0.6474828180947794, 0.7326842759311428]}, "statistics": {"confusion_matrix": {"avg": [[289.16, 92.12], [101.04, 158.68]], "std": [[41.015782328269694, 41.95742604116701], [35.90262385954542, 33.63060510903722]], "max": [[348, 203], [220, 202]], "min": [[180, 33], [56, 47]]}, "accuracy": {"avg": 0.6986583463338535, "std": 0.06259048128141893, "max": 0.7847113884555382, "min": 0.5741029641185648}, "precision": {"avg": 0.7034506579217434, "std": 0.06105541120242314, "max": 0.790351936168706, "min": 0.5419676683555327}, "f1_score": {"avg": 0.6935580454777682, "std": 0.06821690249161386, "max": 0.7792240703217564, "min": 0.5160686984945785}}}, "students_set": {"0": {"confusion_matrix": [[[820, 160, 287], [293, 111, 318], [311, 249, 1433]], [[719, 245, 315], [199, 178, 329], [456, 235, 1306]], [[836, 122, 327], [226, 137, 349], [312, 195, 1478]], [[729, 152, 384], [173, 179, 366], [238, 304, 1457]], [[690, 309, 286], [192, 256, 267], [267, 403, 1312]], [[771, 200, 313], [202, 195, 317], [236, 348, 1400]], [[687, 276, 311], [180, 215, 314], [252, 380, 1367]], [[698, 286, 288], [193, 216, 317], [235, 323, 1426]], [[707, 227, 343], [167, 233, 302], [208, 535, 1260]], [[805, 225, 242], [249, 180, 284], [365, 290, 1342]], [[722, 276, 288], [173, 200, 351], [224, 282, 1466]], [[749, 276, 259], [243, 178, 292], [244, 312, 1429]], [[744, 263, 263], [235, 169, 315], [267, 594, 1132]], [[763, 218, 310], [186, 179, 358], [193, 240, 1535]], [[589, 319, 367], [177, 258, 269], [258, 480, 1265]], [[876, 159, 244], [311, 143, 253], [501, 251, 1244]], [[702, 246, 338], [143, 184, 385], [199, 380, 1405]], [[786, 215, 275], [237, 194, 293], [284, 250, 1448]], [[664, 205, 397], [162, 173, 376], [225, 294, 1486]], [[685, 272, 315], [198, 259, 258], [273, 460, 1262]], [[777, 231, 271], [235, 213, 272], [266, 264, 1453]], [[794, 165, 304], [219, 134, 379], [219, 200, 1568]], [[767, 267, 241], [212, 224, 275], [255, 385, 1356]], [[794, 202, 286], [244, 181, 282], [326, 260, 1407]], [[781, 263, 218], [251, 227, 240], [326, 506, 1170]]], "accuracy": [0.5936715218483174, 0.5532395781014565, 0.6155198392767454, 0.5939226519337016, 0.5670517327975891, 0.5941737820190859, 0.5698141637368157, 0.5876443997990959, 0.5524861878453039, 0.5843797086891009, 0.5996986438975389, 0.5916624811652436, 0.5135610246107484, 0.6220492214967354, 0.5303867403314917, 0.5683073832245102, 0.5753390256152687, 0.6097438473129081, 0.5833751883475641, 0.5539929683576093, 0.6135107985936715, 0.6268206931190357, 0.5894023103967856, 0.5981918633852336, 0.5469613259668509], "precision": [0.5738499779969172, 0.551921203655075, 0.592350906940273, 0.5853880581614179, 0.5914288553909088, 0.5963067829856622, 0.584875955254782, 0.5955763266864961, 0.583531807644071, 0.587881523027722, 0.6012442138063798, 0.5967805217494757, 0.5515080668115422, 0.6119976316975527, 0.5620507537620232, 0.5707621444642483, 0.5867371224425033, 0.603734737568967, 0.5780482592473537, 0.5807739760349864, 0.6121935519483865, 0.6013689351292713, 0.6077630649279672, 0.5939491977420548, 0.5846845158723304],