{"mushrooms_set": {"0": {"confusion_matrix": [[[3767, 0], [75, 3470]], [[3762, 8], [74, 3468]], [[3784, 0], [7, 3521]], [[3770, 0], [86, 3456]], [[3779, 0], [75, 3458]], [[3769, 6], [83, 3454]], [[3769, 14], [51, 3478]], [[3789, 6], [54, 3463]], [[3792, 0], [83, 3437]], [[3786, 0], [16, 3510]], [[3768, 0], [80, 3464]], [[3782, 8], [3, 3519]], [[3808, 0], [80, 3424]], [[3780, 0], [90, 3442]], [[3785, 0], [79, 3448]], [[3745, 36], [31, 3500]], [[3761, 8], [41, 3502]], [[3686, 102], [12, 3512]], [[3777, 7], [32, 3496]], [[3788, 16], [0, 3508]], [[3752, 20], [40, 3500]], [[3765, 24], [16, 3507]], [[3797, 0], [86, 3429]], [[3784, 0], [98, 3430]], [[3695, 72], [4, 3541]]], "accuracy": [0.9897428884026258, 0.9887855579868708, 0.999042669584245, 0.9882385120350109, 0.9897428884026258, 0.987828227571116, 0.9911105032822757, 0.9917943107221007, 0.9886487964989059, 0.9978118161925602, 0.9890590809628009, 0.9984956236323851, 0.9890590809628009, 0.987691466083151, 0.9891958424507659, 0.9908369803063457, 0.9932986870897156, 0.9844091903719913, 0.9946663019693655, 0.9978118161925602, 0.9917943107221007, 0.9945295404814004, 0.9882385120350109, 0.986597374179431, 0.9896061269146609], "precision": [0.9899431183270931, 0.9889389089875719, 0.9990444372742768, 0.9885008273786284, 0.9899424948815575, 0.9880368725517659, 0.9911577735225495, 0.9918751985810158, 0.9888919319545423, 0.9978210247514552, 0.9892865428970461, 0.9984966326683786, 0.9892842027536898, 0.9879777110579614, 0.9894167349058356, 0.9908383282615648, 0.9933370694281757, 0.9847166400426873, 0.994688193613158, 0.9978217511928209, 0.9918076222785147, 0.9945323471079178, 0.9884990033986445, 0.9869357197050405, 0.989781396768633], "f1_score": [0.9897386079712981, 0.9887814813760714, 0.9990426365772873, 0.9882325606283221, 0.9897382607919751, 0.9878226954779866, 0.9911087102507588, 0.9917919043340089, 0.9886425260174406, 0.9978116352004216, 0.9890540956048498, 0.9984956606810113, 0.9890527771678564, 0.9876844479410368, 0.9891904510821294, 0.9908371904857686, 0.9932976144682814, 0.9844137595077276, 0.9946656001194449, 0.9978119998154223, 0.9917935362792357, 0.9945297519287115, 0.9882315323213507, 0.9865886572005992, 0.9896081636160681], "statistics": {"confusion_matrix": {"avg": [[3769.6, 13.08], [51.84, 3477.48]], "std": [[27.129319932501073, 23.956493900402037], [32.47729052738236, 32.7562146775234]], "max": [[3808, 102], [98, 3541]], "min": [[3686, 0], [0, 3424]]}, "accuracy": {"avg": 0.9911214442013129, "std": 0.003853262143733808, "max": 0.999042669584245, "min": 0.9844091903719913}, "precision": {"avg": 0.991262899371621, "std": 0.0037548465028688, "max": 0.9990444372742768, "min": 0.9847166400426873}, "f1_score": {"avg": 0.9911186502738025, "std": 0.0038548200272349314, "max": 0.9990426365772873, "min": 0.9844137595077276}}}}, "titanic_set": {"0": {"confusion_matrix": [[[286, 98], [71, 186]], [[300, 77], [94, 170]], [[323, 57], [111, 150]], [[299, 89], [77, 176]], [[228, 154], [56, 203]], [[257, 126], [102, 156]], [[304, 76], [87, 174]], [[301, 79], [80, 181]], [[347, 26], [153, 115]], [[257, 122], [163, 99]], [[254, 128], [67, 192]], [[301, 87], [62, 191]], [[225, 166], [40, 210]], [[252, 131], [56, 202]], [[255, 132], [100, 154]], [[302, 78], [84, 177]], [[285, 98], [78, 180]], [[358, 19], [133, 131]], [[244, 143], [93, 161]], [[261, 123], [46, 211]], [[279, 107], [66, 189]], [[346, 40], [129, 126]], [[312, 67], [94, 168]], [[267, 116], [104, 154]], [[240, 136], [67, 198]]], "accuracy": [0.7363494539781591, 0.733229329173167, 0.7379095163806553, 0.7410296411856474, 0.672386895475819, 0.6443057722308893, 0.7457098283931357, 0.7519500780031201, 0.7207488299531981, 0.5553822152886115, 0.6957878315132605, 0.7675507020280812, 0.6786271450858035, 0.7082683307332294, 0.6380655226209049, 0.7472698907956318, 0.7254290171606864, 0.7628705148205929, 0.6318252730109204, 0.7363494539781591, 0.7301092043681747, 0.7363494539781591, 0.748829953198128, 0.656786271450858, 0.6833073322932918], "precision": [0.7425072597648846, 0.7312889897375215, 0.7362581820443725, 0.743483216647012, 0.7081912108298747, 0.6503969777708907, 0.744311342172357, 0.7518036312003661, 0.7448417477124617, 0.5448961319797331, 0.7139905035453754, 0.7730948027385391, 0.7357391445396877, 0.7330236206991277, 0.6470439099254112, 0.746443690115785, 0.7297236178643888, 0.7885176865323086, 0.6469914465796186, 0.7625878754161655, 0.7409944893682938, 0.7406002233748196, 0.7465731032553323, 0.6595813949359411, 0.7036461411254438], "f1_score": [0.7381251841181732, 0.7317329037553745, 0.7314823305462931, 0.7419954992220186, 0.6743433619408659, 0.6464576211080788, 0.7447868525506515, 0.7518750025502242, 0.6977052921587872, 0.5479188643365664, 0.6986144306214912, 0.7691536760148627, 0.6801062290290257, 0.7109471864090575, 0.6409849901034077, 0.7467903343008455, 0.7268710339466358, 0.7457941194826715, 0.6356073407672242, 0.7388350118326726, 0.7325817565389112, 0.7221079414820348, 0.7463269116572504, 0.6579552837285905, 0.6855506400781407], "statistics": {"confusion_matrix": {"avg": [[283.32, 99.0], [88.52, 170.16]], "std": [[36.10509105375584, 37.977888303590554], [30.67261971204938, 28.81482951537281]], "max": [[358, 166], [163, 211]], "min": [[225, 19], [40, 99]]}, "accuracy": {"avg": 0.7074570982839314, "std": 0.0500624389575014, "max": 0.7675507020280812, "min": 0.5553822152886115}, "precision": {"avg": 0.7186612135950285, "std": 0.051375755517884425, "max": 0.7885176865323086, "min": 0.5448961319797331}, "f1_score": {"avg": 0.7057859919311942, "std": 0.04933673367523777, "max": 0.7691536760148627, "min": 0.5479188643365664}}}}, "students_set": {"0": {"confusion_matrix": [[[789, 281, 207], [193, 203, 328], [167, 371, 1443]], [[853, 172, 251], [235, 149, 327], [355, 262, 1378]], [[803, 169, 314], [244, 158, 313], [315, 290, 1376]], [[616, 138, 532], [162, 111, 439], [269, 178, 1537]], [[830, 178, 264], [250, 147, 328], [286, 270, 1429]], [[726, 212, 348], [192, 136, 394], [301, 204, 1469]], [[686, 193, 384], [216, 155, 348], [244, 265, 1491]], [[736, 215, 332], [206, 184, 337], [278, 280, 1414]], [[691, 319, 284], [164, 303, 243], [185, 437, 1356]], [[809, 213, 262], [293, 159, 257], [566, 259, 1164]], [[808, 177, 310], [261, 155, 288], [406, 222, 1355]], [[836, 211, 234], [293, 147, 280], [280, 280, 1421]], [[725, 158, 395], [209, 136, 371], [394, 169, 1425]], [[810, 307, 163], [202, 253, 250], [314, 431, 1252]], [[670, 292, 310], [200, 203, 307], [256, 369, 1375]], [[722, 283, 275], [228, 223, 258], [322, 322, 1349]], [[769, 248, 269], [212, 207, 308], [359, 224, 1386]], [[646, 162, 480], [176, 138, 405], [172, 220, 1583]], [[798, 141, 331], [205, 140, 366], [309, 275, 1417]], [[777, 268, 237], [225, 206, 284], [344, 307, 1334]], [[703, 271, 307], [178, 180, 353], [199, 367, 1424]], [[734, 189, 365], [196, 192, 331], [195, 253, 1527]], [[811, 192, 288], [201, 163, 340], [371, 307, 1309]], [[657, 203, 409], [205, 150, 366], [334, 202, 1456]], [[706, 186, 396], [169, 166, 383], [164, 219, 1593]]], "accuracy": [0.6115017579105977, 0.5976896032144651, 0.5868910095429433, 0.5685585133098945, 0.6042189854344551, 0.5853842290306379, 0.585635359116022, 0.5861376192867905, 0.5901557006529382, 0.5354093420391763, 0.5821195379206429, 0.6037167252636866, 0.5740833751883475, 0.5813661476644902, 0.5645404319437468, 0.5760924158714213, 0.593169261677549, 0.5944249121044701, 0.5914113510798593, 0.5818684078352586, 0.5793571069814164, 0.6160220994475138, 0.5733299849321949, 0.5683073832245102, 0.6190356604721245],